,Player,Nation,Pos,Age,Tkl,TacklesDef3rd,TacklesMid3rd,TacklesAtt3rd,VSDribblesTkl,VSDribblesAtt,VSDribblesTkl%,VSDribblesPast,Blocks,ShotBlock,PassBlock,Tkl+Int,Clearances,Errors,CrdY,CrdR,2CrdY,Fls,Fld,Off,Crs,PKwon,PKcon,OG,Recov,AerialDuelWon,AerielDuelLost,AerialDuelWon%,CmpTotal,AttemptedTotal,Cmp%Total,TotDist,ProgressiveDist,ShortCmp,ShortAttempted,ShortCmp%,MediumCmp,MediumAttempt,MediumCmp%,LongCmp,LongAttempted,LongCmp%,Assists,xAG,xA,A-xAG,KeyPasses,CompletedFinalThird,PassesPenaltyArea,CrossesPA,ProgressivePasses,MP,Min,Mn/MP,Min%,Starts,Min/Start,Compl,Subs,Min/Sub,unSub,PPM,onG,onGA,Goals+/-,Goals+/-90,TeamSuccessOn-Off,onxG,onxGA,xG+/-,xG+/-90,xG-On-Off,Gls,Sh,SoT,SoT%,Sh/90,SoT/90,G/Sh,G/SoT,Dist,FK,PK,PKatt,xG,npxG,npxG/Sh,G-xG,np:G-xG,SCA,SCA90,SCAPassLive,SCAPassDead,SCADrib,SCASh,SCAFld,SCADef,GCA,GCA90,GCAPassLive,GCAPassDead,GCADrib,GCASh,GCAFld,GCADef
0,Christopher Schindler,de GER,DF,28.0,61,46,14,1,27,47,57.4,20,69,34,35,131,138,4,5,1,1,26,18,0,0,0,1,0,122,136,108,55.7,1288,1555,82.8,26485,8603,399,466,85.6,672,772,87.0,205,284,72.2,0,0.2,0.4,-0.2,2,65,2,0,57,37,3260.0,88.0,95.3,37,88.0,35.0,0,0.0,0,0.43,19.0,71.0,-52.0,-1.44,-0.31,27.6,57.7,-30.1,-0.83,0.29,1,13,3,23.1,0.36,0.08,0.08,0.33,11.5,0,0,0,1.1,1.1,0.09,-0.1,-0.1,15,0.41,13,1,0,0,1,0,1,0.03,1,0,0,0,0,0
1,Terence Kongolo,nl NED,DF,24.0,74,44,26,4,27,47,57.4,20,42,16,26,139,106,1,4,0,0,20,25,2,28,0,1,1,121,53,35,60.2,978,1275,76.7,17265,7866,444,513,86.5,427,530,80.6,99,193,51.3,1,1.1,0.6,-0.1,9,69,10,4,63,32,2716.0,85.0,79.4,32,85.0,26.0,0,0.0,2,0.44,20.0,65.0,-45.0,-1.49,-0.34,23.0,50.2,-27.2,-0.9,-0.26,1,14,4,28.6,0.46,0.13,0.07,0.25,14.9,0,0,0,1.3,1.3,0.09,-0.3,-0.3,24,0.8,18,1,0,2,1,2,2,0.07,2,0,0,0,0,0
2,Jonathan Hogg,eng ENG,MF,29.0,78,18,51,9,27,69,39.1,42,46,7,39,151,19,1,8,1,0,58,35,1,6,0,0,0,234,31,33,48.4,1289,1556,82.8,22062,5783,602,682,88.3,523,601,87.0,127,197,64.5,1,0.8,1.1,0.2,16,127,14,1,97,29,2367.0,82.0,69.2,29,82.0,19.0,0,0.0,2,0.52,13.0,44.0,-31.0,-1.18,0.79,20.8,38.9,-18.1,-0.69,0.51,0,8,1,12.5,0.3,0.04,0.0,0.0,20.7,0,0,0,0.3,0.3,0.03,-0.3,-0.3,34,1.29,28,0,0,1,3,2,1,0.04,1,0,0,0,0,0
3,Alex Pritchard,eng ENG,MFFW,25.0,36,10,18,8,10,35,28.6,25,26,2,24,53,9,0,2,0,0,13,51,7,78,0,0,0,127,14,35,28.6,691,981,70.4,10133,2557,406,481,84.4,200,280,71.4,48,109,44.0,0,1.8,1.6,-1.8,32,66,20,6,52,30,2081.0,69.0,60.8,26,78.0,11.0,4,15.0,7,0.47,17.0,40.0,-23.0,-0.99,1.09,19.5,33.8,-14.3,-0.62,0.58,2,47,13,27.7,2.03,0.56,0.04,0.15,20.3,1,0,0,2.7,2.7,0.06,-0.7,-0.7,97,4.2,61,12,6,3,13,2,5,0.22,2,2,0,0,1,0
4,Aaron Mooy,au AUS,MFFW,27.0,62,19,27,16,21,52,40.4,31,43,7,36,76,22,0,4,0,0,26,12,1,137,0,0,0,203,14,26,35.0,1073,1435,74.8,16856,5417,606,693,87.4,287,370,77.6,123,238,51.7,1,2.6,2.7,-1.6,43,143,24,8,97,29,2330.0,80.0,68.1,25,89.0,24.0,4,26.0,0,0.52,18.0,48.0,-30.0,-1.16,0.82,20.8,38.5,-17.6,-0.68,0.52,3,42,13,31.0,1.62,0.5,0.05,0.15,23.3,8,1,1,2.8,2.1,0.05,0.2,-0.1,85,3.28,50,26,2,7,0,0,3,0.12,2,1,0,0,0,0
5,Philip Billing,dk DEN,MF,22.0,73,26,39,8,19,42,45.2,23,57,16,41,126,43,0,7,0,0,37,30,2,56,0,1,0,174,86,28,75.4,909,1261,72.1,16703,4691,408,489,83.4,330,455,72.5,136,236,57.6,0,1.7,1.1,-1.7,22,69,16,9,62,27,2188.0,81.0,64.0,25,85.0,19.0,2,28.0,1,0.52,15.0,43.0,-28.0,-1.15,0.75,17.5,34.2,-16.6,-0.68,0.45,2,42,9,21.4,1.73,0.37,0.05,0.22,23.7,3,0,0,1.8,1.8,0.04,0.2,0.2,68,2.8,40,12,2,9,4,1,3,0.12,2,1,0,0,0,0
6,Mathias JÃ¸rgensen,dk DEN,DF,28.0,49,27,21,1,27,46,58.7,19,29,14,15,118,83,0,6,0,0,33,14,0,4,0,1,0,152,36,51,41.4,974,1191,81.8,17693,7632,402,459,87.6,439,500,87.8,104,181,57.5,1,0.3,0.4,0.7,8,76,3,1,69,24,2147.0,89.0,62.8,24,89.0,23.0,0,0.0,7,0.33,11.0,38.0,-27.0,-1.13,0.78,16.9,32.8,-15.9,-0.67,0.48,3,8,4,50.0,0.34,0.17,0.38,0.75,13.6,0,0,0,1.4,1.4,0.18,1.6,1.6,23,0.96,19,1,0,0,1,2,1,0.04,1,0,0,0,0,0
7,Chris LÃ¶we,de GER,DFMF,29.0,34,17,15,2,12,33,36.4,21,21,3,18,57,56,0,2,0,0,14,13,2,140,0,1,0,98,23,33,41.1,767,1109,69.2,13554,4429,386,454,85.0,248,348,71.3,109,220,49.5,2,1.7,1.6,0.3,20,42,24,21,37,29,2057.0,71.0,60.1,23,83.0,17.0,6,23.0,4,0.24,13.0,55.0,-42.0,-1.84,-1.05,16.0,42.9,-26.9,-1.18,-0.83,0,18,6,33.3,0.79,0.26,0.0,0.0,24.2,1,0,0,0.6,0.6,0.04,-0.6,-0.6,39,1.71,24,9,3,2,1,0,4,0.18,4,0,0,0,0,0
8,Erik Durm,de GER,DF,26.0,35,24,8,3,14,33,42.4,19,26,6,20,76,42,0,0,0,0,13,22,1,65,0,0,0,136,22,36,37.9,740,1087,68.1,11480,4444,401,488,82.2,238,354,67.2,71,155,45.8,1,0.6,0.8,0.4,11,42,18,9,45,28,2055.0,73.0,60.1,21,87.0,19.0,7,32.0,2,0.39,15.0,45.0,-30.0,-1.31,0.27,19.3,36.0,-16.7,-0.73,0.28,0,10,0,0.0,0.44,0.0,0.0,0.0,21.1,0,0,0,0.4,0.4,0.04,-0.4,-0.4,37,1.62,30,1,3,1,1,1,2,0.09,2,0,0,0,0,0
9,Florent Hadergjonaj,xk KVX,DFMF,24.0,30,10,18,2,13,37,35.1,24,21,7,14,51,37,1,1,0,0,11,19,2,91,0,1,0,106,22,22,50.0,688,973,70.7,11043,4256,371,429,86.5,217,316,68.7,69,152,45.4,0,1.5,1.3,-1.5,23,43,24,18,54,24,1842.0,77.0,53.9,19,87.0,16.0,5,37.0,9,0.46,11.0,36.0,-25.0,-1.22,0.43,14.5,30.5,-16.0,-0.78,0.14,0,6,2,33.3,0.29,0.1,0.0,0.0,19.6,0,0,0,0.2,0.2,0.04,-0.2,-0.2,41,2.0,37,0,1,1,0,2,0,0.0,0,0,0,0,0,0
10,Steve MouniÃ©,bj BEN,FW,23.0,9,3,4,2,2,12,16.7,10,10,1,9,14,15,0,1,1,0,32,15,15,9,0,0,0,56,210,131,61.6,361,571,63.2,4655,836,234,341,68.6,103,154,66.9,8,18,44.4,3,1.9,1.3,1.1,18,32,3,0,24,31,1778.0,57.0,52.0,19,79.0,8.0,12,24.0,2,0.48,12.0,36.0,-24.0,-1.21,0.43,14.5,26.1,-11.6,-0.59,0.54,2,61,23,37.7,3.09,1.16,0.03,0.09,14.8,0,0,0,5.8,5.8,0.1,-3.8,-3.8,33,1.67,27,0,0,5,1,0,4,0.2,3,0,0,0,1,0
11,Juninho Bacuna,cw CUW,MFDF,20.0,46,22,19,5,22,54,40.7,32,21,1,20,70,12,1,4,0,0,33,22,1,34,0,1,0,121,17,21,44.7,565,770,73.4,10416,3609,267,314,85.0,192,242,79.3,91,167,54.5,0,1.4,1.3,-1.4,18,92,13,1,76,21,1412.0,67.0,41.3,16,82.0,9.0,5,21.0,5,0.38,9.0,37.0,-28.0,-1.78,-0.62,11.2,28.4,-17.3,-1.1,-0.43,1,19,8,42.1,1.21,0.51,0.05,0.13,27.0,2,0,0,0.7,0.7,0.04,0.3,0.3,41,2.61,30,6,2,0,3,0,0,0.0,0,0,0,0,0,0
12,Elias Kachunga,cd COD,FWMF,26.0,22,8,12,2,9,25,36.0,16,16,1,15,26,10,0,2,0,0,24,21,9,15,0,1,0,43,23,29,44.2,220,317,69.4,2864,574,135,172,78.5,55,78,70.5,12,22,54.5,0,0.2,0.5,-0.2,5,14,5,5,9,20,1182.0,59.0,34.6,13,81.0,7.0,7,18.0,10,0.25,4.0,30.0,-26.0,-1.98,-0.85,9.7,23.3,-13.5,-1.03,-0.28,0,14,3,21.4,1.07,0.23,0.0,0.0,15.1,0,0,0,0.9,0.9,0.06,-0.9,-0.9,13,0.99,9,0,1,2,1,0,0,0.0,0,0,0,0,0,0
13,Tommy Smith,eng ENG,DF,26.0,26,14,11,1,10,25,40.0,15,12,4,8,44,25,0,2,1,0,10,6,0,24,0,0,0,65,14,14,50.0,468,629,74.4,7678,2648,254,289,87.9,148,203,72.9,50,98,51.0,0,0.4,0.3,-0.4,7,32,5,3,22,15,1141.0,76.0,33.4,13,82.0,11.0,2,36.0,10,0.33,11.0,35.0,-24.0,-1.89,-0.71,10.6,26.3,-15.6,-1.23,-0.58,0,3,0,0.0,0.24,0.0,0.0,0.0,24.5,0,0,0,0.1,0.1,0.03,-0.1,-0.1,15,1.18,13,0,0,1,1,0,1,0.08,0,0,0,1,0,0
14,Laurent Depoitre,be BEL,FW,29.0,6,2,3,1,0,3,0.0,3,9,0,9,8,8,0,1,0,0,19,9,7,4,0,0,0,30,80,89,47.3,164,278,59.0,1924,384,116,177,65.5,29,60,48.3,5,7,71.4,1,0.7,0.4,0.3,9,14,2,0,15,23,1068.0,46.0,31.2,10,82.0,6.0,13,19.0,4,0.35,3.0,23.0,-20.0,-1.69,-0.38,8.9,20.0,-11.1,-0.94,-0.13,0,30,6,20.0,2.53,0.51,0.0,0.0,12.9,0,0,0,2.5,2.5,0.08,-2.5,-2.5,21,1.77,18,0,0,1,2,0,1,0.08,1,0,0,0,0,0
15,Isaac Mbenza,be BEL,FWMF,22.0,10,5,5,0,2,4,50.0,2,4,0,4,15,4,0,1,0,0,8,5,5,34,0,0,0,52,2,10,16.7,183,272,67.3,2816,769,101,129,78.3,56,79,70.9,17,36,47.2,1,0.9,0.7,0.1,7,11,5,5,8,22,986.0,45.0,28.8,10,77.0,3.0,12,18.0,6,0.55,6.0,25.0,-19.0,-1.73,-0.44,8.9,20.0,-11.1,-1.01,-0.24,1,16,5,31.3,1.46,0.46,0.06,0.2,22.4,0,0,0,1.0,1.0,0.06,0.0,0.0,14,1.28,10,1,0,2,1,0,1,0.09,1,0,0,0,0,0
16,Karlan Grant,eng ENG,FW,20.0,5,1,2,2,1,3,33.3,2,8,0,8,7,1,1,0,0,0,8,8,4,9,1,0,0,38,10,49,16.9,149,223,66.8,1841,463,91,131,69.5,40,53,75.5,4,9,44.4,0,0.3,0.2,-0.3,8,4,3,0,11,13,877.0,67.0,25.6,9,88.0,8.0,4,21.0,1,0.38,9.0,23.0,-14.0,-1.44,-0.02,9.5,19.2,-9.7,-0.99,-0.2,4,21,11,52.4,2.16,1.13,0.19,0.36,15.8,0,0,0,3.6,3.6,0.17,0.4,0.4,22,2.26,13,0,5,3,1,0,2,0.21,0,0,0,1,1,0
0,Stuart Dallas,nir NIR,DFMF,30.0,93,58,31,4,56,105,53.3,49,45,14,31,150,63,2,5,0,0,33,30,2,101,0,1,0,219,32,34,48.5,1306,1685,77.5,20351,7389,730,812,89.9,440,539,81.6,99,227,43.6,1,2.8,2.5,-1.8,31,108,24,5,113,34,2919.0,86.0,85.4,34,86.0,31.0,0,0.0,0,1.0,38.0,66.0,-28.0,-0.86,0.75,44.6,61.1,-16.5,-0.51,0.62,1,30,8,26.7,0.92,0.25,0.03,0.13,21.7,0,0,0,2.3,2.3,0.08,-1.3,-1.3,75,2.31,46,19,4,1,3,2,3,0.09,2,0,0,0,0,1
1,Raphinha,br BRA,FWMF,24.0,51,25,14,12,22,71,31.0,49,43,0,43,80,28,1,7,0,0,40,47,14,162,1,1,0,166,22,31,41.5,824,1301,63.3,13788,5181,399,497,80.3,275,420,65.5,99,259,38.2,3,8.3,6.2,-5.3,65,91,49,11,135,35,2915.0,83.0,85.2,34,84.0,26.0,1,45.0,0,1.0,34.0,68.0,-34.0,-1.05,-0.52,42.6,62.4,-19.8,-0.61,-0.08,11,84,21,25.0,2.59,0.65,0.08,0.33,21.4,10,4,4,11.3,8.1,0.1,-0.3,-1.1,136,4.2,77,25,15,9,8,2,10,0.31,5,0,2,0,2,1
2,Jack Harrison,eng ENG,FWMF,24.0,57,22,22,13,31,76,40.8,45,35,1,34,78,19,0,3,0,0,29,23,4,142,0,0,0,170,19,54,26.0,656,1045,62.8,9472,3280,407,510,79.8,187,300,62.3,36,117,30.8,1,3.6,2.5,-2.6,42,49,35,8,74,35,2639.0,75.0,77.2,32,77.0,20.0,3,55.0,2,0.89,31.0,68.0,-37.0,-1.26,-1.26,35.5,59.9,-24.4,-0.83,-1.02,8,43,17,39.5,1.47,0.58,0.19,0.47,17.2,0,0,0,4.9,4.9,0.11,3.1,3.1,86,2.93,55,7,11,8,4,1,4,0.14,1,0,1,2,0,0
3,Daniel James,wls WAL,FWMF,23.0,24,8,8,8,10,23,43.5,13,18,1,17,32,12,0,7,1,0,30,38,13,60,1,0,0,82,13,53,19.7,326,508,64.2,4327,1156,205,256,80.1,84,151,55.6,15,34,44.1,4,2.6,1.7,1.4,24,26,18,2,40,32,2366.0,74.0,69.2,29,78.0,18.0,3,33.0,0,1.0,31.0,48.0,-17.0,-0.65,1.06,36.9,47.4,-10.5,-0.4,0.65,4,50,15,30.0,1.9,0.57,0.08,0.27,15.3,0,0,0,6.8,6.8,0.14,-2.8,-2.8,53,2.02,34,0,4,7,8,0,5,0.19,2,0,1,1,1,0
4,Diego Llorente,es ESP,DF,27.0,53,32,19,2,33,47,70.2,14,35,17,18,93,77,2,7,0,0,23,21,0,2,0,0,0,171,49,64,43.4,1115,1373,81.2,21989,7473,335,389,86.1,648,712,91.0,118,225,52.4,0,0.1,0.2,-0.1,2,68,3,0,81,28,2340.0,84.0,68.4,28,84.0,24.0,0,0.0,2,1.18,27.0,44.0,-17.0,-0.65,1.01,32.9,45.5,-12.6,-0.49,0.36,3,10,3,30.0,0.38,0.12,0.3,1.0,10.6,0,0,0,1.3,1.3,0.13,1.7,1.7,9,0.35,7,0,0,0,1,1,0,0.0,0,0,0,0,0,0
5,Rodrigo,es ESP,MFFW,30.0,20,7,6,7,4,32,12.5,28,12,0,12,31,27,1,9,0,0,21,30,4,29,0,0,0,103,17,48,26.2,681,914,74.5,10329,2668,371,453,81.9,188,243,77.4,63,96,65.6,1,4.3,2.7,-3.3,38,54,31,6,75,31,2265.0,73.0,66.2,27,78.0,16.0,4,37.0,2,1.06,25.0,37.0,-12.0,-0.48,1.47,32.7,45.0,-12.3,-0.49,0.33,6,46,17,37.0,1.83,0.68,0.11,0.29,18.9,0,1,1,4.6,3.8,0.08,1.4,1.2,79,3.14,63,3,5,3,2,3,4,0.16,2,0,2,0,0,0
6,Luke Ayling,eng ENG,DF,29.0,74,46,23,5,51,97,52.6,46,46,25,21,102,52,1,4,1,0,22,19,2,31,0,1,0,187,34,50,40.5,1224,1592,76.9,22964,10551,535,606,88.3,517,619,83.5,154,294,52.4,2,2.0,1.0,0.0,12,98,11,4,102,26,2272.0,87.0,66.4,26,87.0,23.0,0,0.0,0,0.85,30.0,66.0,-36.0,-1.43,-1.35,33.7,53.7,-20.0,-0.79,-0.57,2,19,3,15.8,0.75,0.12,0.11,0.67,13.0,0,0,0,1.6,1.6,0.09,0.4,0.4,32,1.27,23,1,0,7,0,1,5,0.2,1,0,0,3,0,1
7,Mateusz Klich,pl POL,MF,31.0,47,18,23,6,25,66,37.9,41,22,4,18,58,20,0,5,0,0,40,15,2,30,0,1,0,171,7,13,35.0,800,1026,78.0,11259,3630,453,514,88.1,240,314,76.4,38,84,45.2,2,2.3,2.0,-0.3,31,72,23,3,70,33,2073.0,63.0,60.6,26,71.0,7.0,7,33.0,4,0.97,24.0,52.0,-28.0,-1.22,-0.61,31.7,46.2,-14.6,-0.63,-0.08,1,42,18,42.9,1.82,0.78,0.02,0.06,21.4,0,0,0,3.8,3.8,0.09,-2.8,-2.8,78,3.38,64,4,3,4,3,0,8,0.35,7,0,0,1,0,0
8,Pascal Struijk,nl NED,DFMF,21.0,61,34,23,4,30,50,60.0,20,35,23,12,94,60,2,6,1,0,25,8,1,0,0,0,0,161,40,39,50.6,1089,1278,85.2,20168,6807,372,423,87.9,616,665,92.6,85,148,57.4,0,0.5,0.2,-0.5,11,62,1,0,62,29,2055.0,71.0,60.1,22,86.0,20.0,7,24.0,2,1.0,25.0,52.0,-27.0,-1.18,-0.52,29.3,41.5,-12.2,-0.54,0.16,1,11,3,27.3,0.48,0.13,0.09,0.33,9.1,0,0,0,1.6,1.6,0.16,-0.6,-0.6,21,0.92,18,0,0,2,0,1,1,0.04,0,0,0,1,0,0
9,Liam Cooper,sct SCO,DF,29.0,41,27,13,1,23,33,69.7,10,29,18,11,84,72,2,5,0,0,19,9,2,1,0,1,0,118,82,44,65.1,981,1183,82.9,18604,6591,335,378,88.6,547,600,91.2,86,171,50.3,1,0.2,0.2,0.8,4,31,0,0,39,21,1814.0,86.0,53.0,21,86.0,20.0,0,0.0,1,1.19,20.0,26.0,-6.0,-0.3,1.44,25.3,34.6,-9.3,-0.46,0.29,0,6,1,16.7,0.3,0.05,0.0,0.0,10.8,0,0,0,0.4,0.4,0.07,-0.4,-0.4,13,0.64,11,0,1,1,0,0,2,0.1,1,0,0,1,0,0
10,Junior Firpo,es ESP,DFMF,24.0,60,29,26,5,31,59,52.5,28,22,6,16,84,38,0,11,0,0,39,15,1,26,0,0,1,89,27,19,58.7,768,952,80.7,12029,4281,417,475,87.8,299,362,82.6,38,71,53.5,2,2.5,1.6,-0.5,22,70,16,6,66,24,1711.0,71.0,50.0,19,78.0,11.0,5,47.0,1,0.83,18.0,49.0,-31.0,-1.63,-1.31,23.5,40.4,-17.0,-0.89,-0.59,0,11,1,9.1,0.58,0.05,0.0,0.0,14.6,0,0,0,1.1,1.1,0.1,-1.1,-1.1,52,2.73,40,4,2,3,3,0,4,0.21,2,1,1,0,0,0
11,Kalvin Phillips,eng ENG,MF,25.0,54,24,25,5,24,57,42.1,33,37,9,28,78,18,0,4,0,0,33,19,0,16,0,0,0,180,17,29,37.0,786,971,80.9,15278,4563,284,320,88.8,396,440,90.0,98,170,57.6,1,1.0,0.6,0.0,9,79,12,2,69,20,1596.0,80.0,46.7,18,86.0,16.0,2,29.0,3,1.2,18.0,25.0,-7.0,-0.39,1.09,23.1,31.2,-8.1,-0.46,0.27,0,15,3,20.0,0.85,0.17,0.0,0.0,24.0,1,0,0,1.1,1.1,0.07,-1.1,-1.1,30,1.69,23,3,0,2,0,2,4,0.23,3,1,0,0,0,0
12,Robin Koch,de GER,MFDF,25.0,21,9,10,2,9,34,26.5,25,26,10,16,41,44,0,3,0,0,22,10,0,4,0,0,0,104,45,44,50.6,555,718,77.3,10037,3504,224,279,80.3,268,326,82.2,45,73,61.6,0,0.4,0.3,-0.4,5,47,6,0,44,20,1574.0,79.0,46.0,17,85.0,15.0,3,42.0,1,1.05,21.0,40.0,-19.0,-1.09,-0.21,23.1,32.8,-9.7,-0.56,0.08,0,13,1,7.7,0.74,0.06,0.0,0.0,16.1,0,0,0,1.0,1.0,0.08,-1.0,-1.0,24,1.37,21,1,0,1,1,0,2,0.11,2,0,0,0,0,0
13,Adam Forshaw,eng ENG,MF,29.0,53,21,27,5,21,54,38.9,33,17,1,16,72,12,2,5,0,0,26,15,2,5,0,0,0,119,11,11,50.0,695,842,82.5,11652,3225,342,389,87.9,253,290,87.2,73,103,70.9,1,1.1,0.7,-0.1,13,68,8,0,52,22,1530.0,70.0,44.7,17,83.0,13.0,5,23.0,4,1.05,20.0,41.0,-21.0,-1.24,-0.47,23.1,33.9,-10.9,-0.64,-0.07,0,14,4,28.6,0.82,0.24,0.0,0.0,25.0,1,0,0,0.6,0.6,0.04,-0.6,-0.6,34,2.0,31,0,0,3,0,0,2,0.12,2,0,0,0,0,0
14,Tyler Roberts,wls WAL,MFFW,22.0,16,6,7,3,9,16,56.3,7,11,1,10,21,11,0,5,0,0,14,20,3,14,0,0,0,47,8,23,25.8,214,300,71.3,3004,771,124,154,80.5,61,81,75.3,13,29,44.8,1,1.4,0.7,-0.4,15,17,10,2,20,23,987.0,43.0,28.9,7,84.0,4.0,16,25.0,4,0.83,10.0,26.0,-16.0,-1.46,-0.68,13.8,23.0,-9.2,-0.83,-0.33,1,30,12,40.0,2.74,1.09,0.03,0.08,19.7,0,0,0,2.4,2.4,0.08,-1.4,-1.4,30,2.74,23,1,1,3,2,0,1,0.09,1,0,0,0,0,0
0,Matt Ritchie,sct SCO,DFMF,28.0,70,35,27,8,19,47,40.4,28,34,11,23,121,76,1,9,0,0,55,38,1,259,0,0,0,171,32,65,33.0,1034,1586,65.2,17181,6715,549,639,85.9,293,442,66.3,133,337,39.5,8,5.3,3.7,2.7,60,57,43,32,61,36,2928.0,81.0,85.6,35,83.0,21.0,1,9.0,0,1.22,35.0,40.0,-5.0,-0.15,0.03,31.9,44.1,-12.2,-0.38,0.03,2,39,8,20.5,1.2,0.25,0.03,0.13,19.2,0,1,2,5.1,3.6,0.09,-3.1,-2.6,109,3.35,61,33,5,5,4,1,12,0.37,6,3,2,1,0,0
1,Ayoze PÃ©rez,es ESP,MFFW,25.0,59,24,28,7,17,63,27.0,46,55,4,51,101,33,1,2,0,0,46,42,9,22,0,0,0,169,26,78,25.0,594,805,73.8,7784,2082,323,392,82.4,149,198,75.3,37,63,58.7,2,3.6,2.6,-1.6,45,46,25,3,59,37,2917.0,79.0,85.3,34,83.0,19.0,3,29.0,1,1.22,40.0,35.0,5.0,0.15,2.12,34.8,41.6,-6.8,-0.21,1.16,12,55,27,49.1,1.7,0.83,0.22,0.44,13.9,0,0,0,7.5,7.5,0.14,4.5,4.5,91,2.81,70,0,6,7,5,3,6,0.19,5,0,1,0,0,0
2,Jamaal Lascelles,eng ENG,DF,24.0,32,25,5,2,11,14,78.6,3,43,28,15,71,218,3,4,0,0,16,9,1,2,0,0,0,180,92,45,67.2,848,1111,76.3,16809,5917,275,333,82.6,440,533,82.6,114,189,60.3,1,0.9,0.5,0.1,3,33,0,0,45,32,2745.0,86.0,80.3,32,86.0,29.0,0,0.0,1,1.16,29.0,36.0,-7.0,-0.23,-0.36,30.7,41.9,-11.2,-0.37,0.07,0,11,1,9.1,0.36,0.03,0.0,0.0,11.2,0,0,0,0.6,0.6,0.06,-0.6,-0.6,12,0.39,9,2,0,1,0,0,1,0.03,0,0,0,1,0,0
3,SalomÃ³n RondÃ³n,ve VEN,FW,28.0,8,2,4,2,4,24,16.7,20,14,3,11,13,39,0,1,0,0,22,26,20,14,1,0,0,108,146,232,38.6,521,756,68.9,6010,1323,334,441,75.7,99,155,63.9,16,28,57.1,7,3.0,2.9,4.0,32,40,17,3,40,32,2603.0,81.0,76.1,30,85.0,22.0,2,26.0,3,1.38,37.0,31.0,6.0,0.21,1.53,30.7,38.6,-7.9,-0.27,0.45,11,89,27,30.3,3.08,0.93,0.12,0.41,15.8,9,0,0,10.4,10.4,0.12,0.6,0.6,73,2.52,61,0,2,7,2,1,11,0.38,7,0,0,4,0,0
4,DeAndre Yedlin,us USA,DF,25.0,54,36,14,4,19,41,46.3,22,36,10,26,82,88,0,6,1,0,41,13,4,77,0,2,1,109,30,39,43.5,768,1094,70.2,10938,4968,435,512,85.0,249,370,67.3,37,108,34.3,2,2.0,2.0,0.0,28,43,27,15,53,29,2473.0,85.0,72.3,28,88.0,25.0,1,6.0,5,0.97,28.0,40.0,-12.0,-0.44,-1.01,27.4,41.8,-14.4,-0.52,-0.52,1,11,2,18.2,0.4,0.07,0.09,0.5,24.7,0,0,0,1.2,1.2,0.11,-0.2,-0.2,54,1.97,40,8,1,2,2,1,8,0.29,5,2,0,1,0,0
5,Mohamed DiamÃ©,sn SEN,MF,31.0,76,35,36,5,16,54,29.6,38,42,9,33,106,39,1,3,0,0,36,20,0,12,0,0,0,144,34,46,42.5,569,749,76.0,9103,2289,288,347,83.0,180,219,82.2,60,111,54.1,0,0.1,0.3,-0.1,2,44,8,1,39,29,2166.0,75.0,63.3,24,87.0,20.0,5,15.0,3,1.1,21.0,32.0,-11.0,-0.46,-0.82,22.2,35.8,-13.6,-0.57,-0.51,0,20,3,15.0,0.83,0.12,0.0,0.0,23.5,0,0,0,1.0,1.0,0.05,-1.0,-1.0,33,1.37,20,0,4,3,5,1,0,0.0,0,0,0,0,0,0
6,Fabian SchÃ¤r,ch SUI,DF,26.0,60,37,19,4,24,50,48.0,26,40,16,24,127,145,2,12,0,0,28,19,1,17,0,1,0,113,62,63,49.6,687,1025,67.0,15961,6759,223,268,83.2,287,354,81.1,167,360,46.4,1,0.7,0.5,0.3,11,80,9,2,65,24,1999.0,83.0,58.5,22,87.0,17.0,2,45.0,7,1.71,30.0,23.0,7.0,0.32,1.14,26.4,30.1,-3.7,-0.17,0.51,4,25,7,28.0,1.13,0.32,0.16,0.57,18.7,1,0,0,1.9,1.9,0.07,2.1,2.1,32,1.44,29,0,2,1,0,0,1,0.05,1,0,0,0,0,0
7,Paul Dummett,wls WAL,DF,26.0,34,24,9,1,19,32,59.4,13,25,11,14,71,133,0,1,0,0,11,10,1,32,0,1,0,80,58,27,68.2,625,903,69.2,10657,5191,302,363,83.2,234,333,70.3,64,157,40.8,0,0.7,0.9,-0.7,4,53,14,6,49,26,1990.0,77.0,58.2,21,90.0,20.0,5,21.0,2,1.19,23.0,27.0,-4.0,-0.18,-0.06,19.8,30.3,-10.5,-0.48,-0.23,0,9,1,11.1,0.41,0.05,0.0,0.0,22.1,0,0,0,0.3,0.3,0.03,-0.3,-0.3,26,1.18,21,3,0,2,0,0,1,0.05,1,0,0,0,0,0
8,Isaac Hayden,eng ENG,MF,23.0,73,19,45,9,23,41,56.1,18,32,4,28,113,30,0,3,1,0,32,14,0,11,0,0,0,118,52,40,56.5,586,749,78.2,8474,1873,329,384,85.7,171,213,80.3,41,66,62.1,4,2.3,1.7,1.7,22,44,7,2,38,25,1859.0,74.0,54.4,21,86.0,15.0,4,14.0,4,1.52,27.0,25.0,2.0,0.1,0.56,21.1,28.1,-7.0,-0.34,0.09,1,22,5,22.7,1.07,0.24,0.05,0.2,22.2,0,0,0,0.9,0.9,0.04,0.1,0.1,41,1.98,36,0,1,0,1,3,4,0.19,3,0,0,0,0,1
9,Federico FernÃ¡ndez,ar ARG,DF,29.0,16,12,4,0,10,18,55.6,8,19,12,7,41,106,1,2,0,0,12,7,1,5,0,1,0,78,37,30,55.2,484,620,78.1,10496,4014,141,162,87.0,237,267,88.8,98,171,57.3,1,0.5,0.4,0.5,5,28,3,2,36,19,1484.0,78.0,43.4,17,85.0,15.0,2,21.0,10,1.11,18.0,24.0,-6.0,-0.36,-0.36,16.8,26.5,-9.7,-0.59,-0.37,0,4,1,25.0,0.24,0.06,0.0,0.0,14.4,0,0,0,0.2,0.2,0.04,-0.2,-0.2,11,0.67,9,1,0,0,0,1,2,0.12,2,0,0,0,0,0
10,Christian Atsu,gh GHA,MF,26.0,24,9,11,4,5,16,31.3,11,13,3,10,31,16,0,2,0,0,13,25,4,42,0,0,0,86,10,58,14.7,328,435,75.4,4232,941,180,199,90.5,76,121,62.8,21,35,60.0,0,1.6,0.9,-1.6,18,17,16,7,20,28,1493.0,53.0,43.7,15,85.0,8.0,13,17.0,5,1.14,19.0,18.0,1.0,0.06,0.39,14.5,24.0,-9.5,-0.57,-0.34,1,28,14,50.0,1.69,0.84,0.04,0.07,19.6,0,0,0,2.1,2.1,0.08,-1.1,-1.1,42,2.53,32,0,1,4,5,0,5,0.3,3,0,1,1,0,0
11,Kenedy,br BRA,MFDF,22.0,30,11,16,3,12,29,41.4,17,10,0,10,62,24,1,1,0,0,19,22,5,28,0,0,0,110,7,15,31.8,374,533,70.2,5558,1760,213,250,85.2,105,152,69.1,31,62,50.0,1,0.7,0.9,0.3,11,32,13,7,32,25,1348.0,54.0,39.4,14,83.0,7.0,11,17.0,3,1.16,14.0,18.0,-4.0,-0.27,-0.18,15.3,22.0,-6.7,-0.45,-0.11,1,30,5,16.7,2.0,0.33,0.03,0.2,22.8,1,0,1,2.2,1.4,0.05,-1.2,-0.4,50,3.34,34,2,4,2,5,3,2,0.13,2,0,0,0,0,0
12,Ki Sung-yueng,kr KOR,MF,29.0,14,5,8,1,3,12,25.0,9,11,1,10,33,20,0,2,0,0,11,16,0,54,0,0,0,94,12,13,48.0,523,654,80.0,9874,2693,223,251,88.8,182,208,87.5,92,150,61.3,1,1.0,1.0,0.0,16,48,8,0,42,18,1302.0,72.0,38.1,14,86.0,10.0,4,23.0,6,1.39,17.0,20.0,-3.0,-0.21,-0.08,15.5,20.6,-5.1,-0.35,0.04,0,9,2,22.2,0.62,0.14,0.0,0.0,28.6,1,0,0,0.3,0.3,0.03,-0.3,-0.3,39,2.7,22,14,0,1,2,0,3,0.21,2,0,0,1,0,0
13,Javier Manquillo,es ESP,DF,24.0,27,14,11,2,9,14,64.3,5,9,1,8,44,58,0,2,0,0,13,8,1,28,0,0,0,59,19,20,48.7,340,506,67.2,4844,2114,187,235,79.6,97,159,61.0,24,59,40.7,3,0.7,0.4,2.3,9,25,12,3,26,18,1101.0,61.0,32.2,12,86.0,10.0,6,11.0,17,1.28,14.0,16.0,-2.0,-0.16,-0.01,13.4,17.6,-4.2,-0.34,0.06,0,2,1,50.0,0.16,0.08,0.0,0.0,19.0,0,0,0,0.1,0.1,0.03,-0.1,-0.1,28,2.29,22,3,0,0,3,0,3,0.25,3,0,0,0,0,0
14,Florian Lejeune,fr FRA,DF,27.0,25,17,7,1,11,24,45.8,13,16,5,11,46,49,0,0,0,0,11,5,0,7,0,1,0,74,31,17,64.6,433,575,75.3,9880,3403,147,178,82.6,185,218,84.9,96,156,61.5,0,0.4,0.5,-0.4,6,34,5,1,30,12,1054.0,88.0,30.8,12,88.0,11.0,0,0.0,1,1.42,16.0,13.0,3.0,0.26,0.6,14.1,14.7,-0.5,-0.05,0.48,0,7,2,28.6,0.6,0.17,0.0,0.0,15.9,0,0,0,0.4,0.4,0.06,-0.4,-0.4,13,1.11,11,0,0,1,1,0,1,0.09,1,0,0,0,0,0
15,Jonjo Shelvey,eng ENG,MF,26.0,22,10,9,3,8,17,47.1,9,10,3,7,29,15,0,1,0,0,16,5,0,50,0,0,0,84,14,10,58.3,463,685,67.6,10154,4250,155,183,84.7,183,245,74.7,109,218,50.0,1,1.7,1.5,-0.7,25,74,24,4,58,16,948.0,59.0,27.7,10,85.0,8.0,6,17.0,7,0.94,11.0,13.0,-2.0,-0.19,-0.04,11.4,14.7,-3.3,-0.31,0.1,1,23,8,34.8,2.18,0.76,0.04,0.13,28.9,4,0,0,0.9,0.9,0.04,0.1,0.1,51,4.84,32,10,4,3,0,2,1,0.09,1,0,0,0,0,0
16,Ciaran Clark,ie IRL,DF,28.0,20,15,5,0,9,12,75.0,3,11,7,4,32,58,0,1,0,0,6,6,0,3,0,0,0,46,42,23,64.6,231,310,74.5,4123,1550,92,108,85.2,110,132,83.3,24,58,41.4,0,0.1,0.0,-0.1,2,14,1,0,12,11,858.0,78.0,25.1,9,89.0,8.0,2,29.0,9,0.91,9.0,15.0,-6.0,-0.63,-0.63,7.7,14.7,-7.0,-0.73,-0.47,3,7,3,42.9,0.73,0.31,0.43,1.0,11.5,0,0,0,0.5,0.5,0.07,2.5,2.5,6,0.63,4,0,0,1,1,0,0,0.0,0,0,0,0,0,0
0,George Baldock,gr GRE,DF,27.0,47,28,14,5,21,50,42.0,29,26,7,19,72,70,1,7,0,0,46,21,10,62,0,0,0,127,26,28,48.1,888,1153,77.0,11908,3743,582,647,90.0,229,305,75.1,36,98,36.7,2,2.9,1.8,-0.9,18,47,23,7,48,32,2787.0,87.0,81.5,32,87.0,30.0,0,0.0,3,0.63,14.0,51.0,-37.0,-1.19,-0.34,25.1,53.5,-28.4,-0.92,-0.75,0,13,2,15.4,0.42,0.06,0.0,0.0,16.8,0,0,0,1.2,1.2,0.09,-1.2,-1.2,35,1.13,30,1,1,3,0,0,2,0.06,1,0,0,1,0,0
1,Chris Basham,eng ENG,DFMF,32.0,69,41,23,5,41,67,61.2,26,36,15,21,118,105,1,5,0,0,25,28,6,25,1,1,0,158,54,61,47.0,939,1153,81.4,14844,4412,493,557,88.5,364,426,85.4,62,116,53.4,1,0.9,0.9,0.1,11,50,14,6,45,31,2576.0,83.0,75.3,31,83.0,21.0,0,0.0,0,0.55,14.0,51.0,-37.0,-1.29,-0.65,23.7,44.9,-21.2,-0.74,0.16,0,10,1,10.0,0.35,0.03,0.0,0.0,13.3,0,0,0,0.7,0.7,0.07,-0.7,-0.7,25,0.87,19,1,3,0,2,0,2,0.07,0,1,1,0,0,0
2,Enda Stevens,ie IRL,DF,30.0,59,32,19,8,33,58,56.9,25,41,12,29,81,81,1,6,0,0,33,10,3,64,0,0,0,168,35,33,51.5,1108,1459,75.9,16993,7284,627,703,89.2,375,482,77.8,77,186,41.4,1,1.6,1.7,-0.6,17,88,33,10,86,30,2700.0,90.0,78.9,30,90.0,30.0,0,0.0,0,0.47,13.0,54.0,-41.0,-1.37,-1.12,23.5,51.0,-27.5,-0.92,-0.66,0,16,4,25.0,0.53,0.13,0.0,0.0,17.4,0,0,0,1.3,1.3,0.08,-1.3,-1.3,39,1.3,36,0,0,1,2,0,4,0.13,3,0,0,0,1,0
3,John Egan,ie IRL,DF,27.0,41,29,12,0,22,39,56.4,17,43,31,12,82,131,0,7,1,0,29,10,0,4,0,0,0,129,80,56,58.8,923,1135,81.3,18683,6735,300,345,87.0,499,557,89.6,116,208,55.8,1,0.6,0.6,0.4,3,67,3,1,52,31,2629.0,85.0,76.9,30,87.0,28.0,1,14.0,0,0.55,16.0,47.0,-31.0,-1.06,0.3,25.0,44.8,-19.8,-0.68,0.44,0,14,3,21.4,0.48,0.1,0.0,0.0,11.9,0,0,0,0.8,0.8,0.06,-0.8,-0.8,16,0.55,15,0,0,0,0,1,1,0.03,1,0,0,0,0,0
4,John Fleck,sct SCO,MF,28.0,51,28,18,5,26,83,31.3,57,26,4,22,79,12,1,4,0,0,33,28,0,96,0,0,0,156,12,20,37.5,971,1245,78.0,14229,4534,540,593,91.1,296,364,81.3,70,172,40.7,2,2.9,2.3,-0.9,33,110,22,5,86,31,2575.0,83.0,75.3,29,87.0,26.0,2,31.0,2,0.71,16.0,47.0,-31.0,-1.08,0.19,23.7,46.9,-23.3,-0.81,-0.14,0,17,5,29.4,0.59,0.17,0.0,0.0,24.6,0,0,0,0.6,0.6,0.03,-0.6,-0.6,72,2.52,51,15,2,2,2,0,3,0.1,2,1,0,0,0,0
5,David McGoldrick,ie IRL,FWMF,32.0,33,8,15,10,13,31,41.9,18,19,3,16,35,25,0,7,0,0,45,33,17,21,0,0,0,78,88,115,43.3,697,947,73.6,9806,1823,397,485,81.9,210,280,75.0,37,62,59.7,1,1.1,1.5,-0.1,17,49,21,4,54,35,2397.0,68.0,70.1,28,80.0,16.0,7,23.0,2,0.66,16.0,37.0,-21.0,-0.79,1.15,22.2,38.6,-16.4,-0.61,0.55,8,71,23,32.4,2.67,0.86,0.11,0.35,18.2,1,0,0,6.9,6.9,0.1,1.1,1.1,58,2.18,37,2,8,5,4,2,1,0.04,1,0,0,0,0,0
6,Oliver Norwood,nir NIR,MF,29.0,49,16,28,5,21,72,29.2,51,29,12,17,85,51,1,6,0,0,26,8,0,114,0,0,0,182,15,17,46.9,1205,1532,78.7,23516,7236,472,526,89.7,524,607,86.3,183,334,54.8,0,2.0,2.1,-2.0,31,134,27,8,106,32,2220.0,69.0,64.9,26,79.0,15.0,6,29.0,5,0.69,12.0,43.0,-31.0,-1.26,-0.36,20.8,40.5,-19.7,-0.8,-0.06,0,11,1,9.1,0.45,0.04,0.0,0.0,31.6,2,0,0,0.5,0.5,0.04,-0.5,-0.5,54,2.19,39,14,0,0,0,1,1,0.04,1,0,0,0,0,0
7,Ethan Ampadu,wls WAL,DFMF,19.0,57,31,24,2,20,46,43.5,26,40,19,21,106,87,3,3,0,0,25,25,1,19,0,1,1,114,52,29,64.2,870,1087,80.0,15680,5537,370,424,87.3,378,446,84.8,102,158,64.6,0,1.2,1.1,-1.2,11,76,14,2,75,25,2089.0,84.0,61.1,23,86.0,19.0,2,53.0,4,0.52,12.0,41.0,-29.0,-1.25,-0.3,20.1,39.1,-19.0,-0.82,-0.1,0,7,2,28.6,0.3,0.09,0.0,0.0,19.3,0,0,0,0.3,0.3,0.05,-0.3,-0.3,20,0.86,17,2,0,0,1,0,0,0.0,0,0,0,0,0,0
8,John Lundstram,eng ENG,MF,26.0,25,12,11,2,13,47,27.7,34,26,8,18,39,29,1,8,1,0,24,20,1,71,0,0,0,130,13,17,43.3,859,1082,79.4,13623,3077,417,454,91.9,295,352,83.8,79,168,47.0,2,1.3,1.6,0.7,20,64,14,2,49,28,2032.0,73.0,59.4,23,84.0,18.0,5,20.0,6,0.61,14.0,40.0,-26.0,-1.15,-0.05,19.6,36.6,-17.0,-0.75,0.06,0,19,4,21.1,0.84,0.18,0.0,0.0,23.8,1,0,1,1.9,1.1,0.06,-1.9,-1.1,50,2.21,41,5,1,1,2,0,5,0.22,4,1,0,0,0,0
9,Ben Osborn,eng ENG,MFDF,25.0,33,15,10,8,13,40,32.5,27,20,3,17,45,17,0,1,0,0,10,15,4,68,0,0,0,95,12,17,41.4,660,859,76.8,8905,3102,420,466,90.1,169,221,76.5,33,85,38.8,0,2.0,2.0,-2.0,17,53,27,11,51,24,1604.0,67.0,46.9,17,82.0,10.0,7,30.0,10,0.67,6.0,29.0,-23.0,-1.29,-0.3,15.0,29.2,-14.2,-0.8,-0.04,1,9,4,44.4,0.5,0.22,0.11,0.25,18.4,0,0,0,1.1,1.1,0.13,-0.1,-0.1,34,1.91,30,4,0,0,0,0,0,0.0,0,0,0,0,0,0
10,Oliver Burke,sct SCO,FW,23.0,16,6,9,1,5,24,20.8,19,24,0,24,18,6,0,2,0,0,23,6,3,10,0,0,0,29,30,46,39.5,178,262,67.9,1997,309,114,150,76.0,31,45,68.9,4,8,50.0,1,2.2,1.5,-1.2,15,5,10,0,13,25,1269.0,51.0,37.1,14,67.0,1.0,11,30.0,8,0.64,6.0,21.0,-15.0,-1.06,0.11,9.9,22.1,-12.1,-0.86,-0.13,1,25,6,24.0,1.77,0.43,0.04,0.17,15.6,0,0,0,2.1,2.1,0.08,-1.1,-1.1,26,1.85,18,0,4,3,0,1,1,0.07,1,0,0,0,0,0
11,Sander Berge,no NOR,MF,22.0,16,8,5,3,7,15,46.7,8,11,2,9,20,18,0,4,0,0,14,4,2,23,0,0,0,68,16,15,51.6,378,464,81.5,5944,1357,198,229,86.5,138,154,89.6,28,45,62.2,1,1.1,0.8,-0.1,13,28,4,2,24,15,1120.0,75.0,32.7,13,82.0,11.0,2,30.0,0,0.07,6.0,23.0,-17.0,-1.37,-0.35,12.0,19.7,-7.8,-0.62,0.23,1,9,1,11.1,0.72,0.08,0.0,0.0,18.0,0,1,1,1.2,0.4,0.05,-0.2,-0.4,23,1.85,20,0,2,1,0,0,1,0.08,0,0,0,1,0,0
12,Oliver McBurnie,sct SCO,FW,24.0,15,7,7,1,5,17,29.4,12,10,3,7,21,30,0,2,0,0,24,26,4,4,1,0,0,32,139,120,53.7,253,447,56.6,3038,853,165,257,64.2,55,107,51.4,8,11,72.7,0,1.1,1.0,-1.1,15,24,14,0,36,23,1324.0,58.0,38.7,12,85.0,10.0,11,27.0,1,0.3,8.0,27.0,-19.0,-1.29,-0.26,15.4,26.2,-10.8,-0.73,0.07,1,30,12,40.0,2.04,0.82,0.03,0.08,12.5,0,0,0,3.9,3.9,0.13,-2.9,-2.9,31,2.11,23,0,0,5,3,0,2,0.14,0,0,0,1,1,0
13,Rhian Brewster,eng ENG,FWMF,20.0,8,1,4,3,1,13,7.7,12,15,2,13,13,5,0,1,0,0,18,13,4,16,0,0,0,35,14,50,21.9,157,225,69.8,2231,556,98,125,78.4,37,54,68.5,12,22,54.5,0,1.6,0.6,-1.6,11,15,4,3,15,27,1128.0,42.0,33.0,12,66.0,2.0,15,22.0,7,0.63,7.0,16.0,-9.0,-0.72,0.62,12.2,16.9,-4.7,-0.37,0.6,0,24,7,29.2,1.91,0.56,0.0,0.0,21.8,1,0,0,1.8,1.8,0.07,-1.8,-1.8,23,1.83,16,0,0,4,3,0,0,0.0,0,0,0,0,0,0
14,Jayden Bogle,eng ENG,DFMF,20.0,33,21,10,2,20,39,51.3,19,14,4,10,47,22,0,2,0,0,15,9,1,12,0,0,0,64,18,22,45.0,296,387,76.5,3834,1410,189,214,88.3,71,96,74.0,8,28,28.6,0,0.2,0.4,-0.2,4,14,9,1,21,16,1110.0,69.0,32.5,12,85.0,9.0,4,24.0,7,0.81,9.0,20.0,-11.0,-0.89,0.35,10.8,20.2,-9.4,-0.76,0.03,2,17,7,41.2,1.38,0.57,0.12,0.29,13.1,0,0,0,1.9,1.9,0.11,0.1,0.1,12,0.97,7,2,2,0,1,0,0,0.0,0,0,0,0,0,0
15,Kean Bryan,eng ENG,DF,23.0,20,9,11,0,9,19,47.4,10,16,10,6,33,39,1,1,0,0,13,2,0,17,0,0,1,54,31,19,62.0,333,486,68.5,5901,2652,151,179,84.4,140,183,76.5,32,94,34.0,0,0.6,0.1,-0.6,4,24,3,2,15,13,1004.0,77.0,29.4,12,82.0,8.0,1,24.0,10,0.69,5.0,17.0,-12.0,-1.08,0.08,7.8,21.8,-14.0,-1.25,-0.67,1,3,1,33.3,0.27,0.09,0.33,1.0,7.7,0,0,0,0.9,0.9,0.31,0.1,0.1,7,0.63,7,0,0,0,0,0,0,0.0,0,0,0,0,0,0
16,Jack Robinson,eng ENG,DF,26.0,14,8,5,1,6,11,54.5,5,10,4,6,23,42,0,3,0,0,10,6,0,6,1,1,0,53,32,29,52.5,364,470,77.4,6071,2267,165,185,89.2,161,196,82.1,24,61,39.3,1,0.6,0.7,0.4,1,20,1,0,16,11,877.0,80.0,25.6,9,86.0,8.0,2,51.0,7,0.73,7.0,11.0,-4.0,-0.41,0.97,10.0,14.6,-4.6,-0.48,0.41,0,6,0,0.0,0.62,0.0,0.0,0.0,12.9,0,0,0,0.7,0.7,0.12,-0.7,-0.7,9,0.92,6,0,1,1,1,0,4,0.41,2,0,1,0,1,0
0,Matt Targett,eng ENG,DF,24.0,83,52,20,11,56,88,63.6,32,40,14,26,138,102,1,7,0,0,28,22,0,146,0,1,0,177,71,50,58.7,1647,2189,75.2,27404,13151,879,1006,87.4,565,742,76.1,159,314,50.6,2,2.5,3.1,-0.5,38,161,47,14,179,38,3404.0,90.0,99.5,38,90.0,37.0,0,0.0,0,1.45,55.0,44.0,11.0,0.29,11.54,52.4,50.3,2.2,0.06,4.15,0,6,2,33.3,0.16,0.05,0.0,0.0,21.8,1,0,0,0.3,0.3,0.04,-0.3,-0.3,82,2.17,58,19,0,0,3,2,9,0.24,6,2,0,0,1,0
1,John McGinn,sct SCO,MF,25.0,61,23,31,7,27,84,32.1,57,38,6,32,104,23,2,12,0,0,43,77,1,52,1,0,0,234,21,48,30.4,1102,1439,76.6,21328,7785,445,520,85.6,441,532,82.9,173,278,62.2,5,3.6,2.3,1.4,42,199,36,6,161,37,3330.0,90.0,97.4,37,90.0,37.0,0,0.0,0,1.41,53.0,46.0,7.0,0.19,-1.81,50.3,50.6,-0.4,-0.01,-1.8,3,45,11,24.4,1.22,0.3,0.07,0.27,23.7,0,0,0,2.5,2.5,0.06,0.5,0.5,123,3.32,101,4,8,2,7,1,15,0.41,10,1,2,1,1,0
2,Ollie Watkins,eng ENG,FW,24.0,29,5,16,8,10,33,30.3,23,21,2,19,36,24,0,4,1,1,47,49,31,22,0,0,0,77,136,154,46.9,592,843,70.2,6928,1260,407,527,77.2,120,169,71.0,12,24,50.0,5,5.3,3.8,-0.3,45,38,23,4,34,37,3328.0,90.0,97.3,37,90.0,36.0,0,0.0,0,1.46,55.0,46.0,9.0,0.24,0.24,51.9,50.1,1.9,0.05,0.49,14,95,43,45.3,2.57,1.16,0.14,0.3,13.7,0,1,2,14.5,13.0,0.14,-0.5,0.0,110,2.97,85,0,6,12,6,1,14,0.38,9,0,1,3,1,0
3,Tyrone Mings,eng ENG,DF,27.0,32,23,7,2,16,24,66.7,8,59,40,19,73,172,3,6,1,1,21,18,3,5,0,0,1,209,90,35,72.0,1314,1696,77.5,27322,12308,380,439,86.6,745,816,91.3,165,379,43.5,2,0.4,0.5,1.6,7,97,4,1,88,36,3194.0,89.0,93.4,36,89.0,35.0,0,0.0,0,1.5,50.0,42.0,8.0,0.23,-0.17,48.7,47.0,1.6,0.05,0.12,2,19,7,36.8,0.54,0.2,0.11,0.29,9.9,0,0,0,1.9,1.9,0.1,0.1,0.1,23,0.65,17,2,1,2,0,1,2,0.06,2,0,0,0,0,0
4,Ezri Konsa,eng ENG,DF,22.0,25,18,6,1,9,13,69.2,4,53,47,6,54,162,1,3,0,0,19,54,1,3,0,1,0,156,93,54,63.3,1102,1305,84.4,21620,6304,325,378,86.0,646,702,92.0,113,184,61.4,0,0.1,0.1,-0.1,2,37,2,0,26,36,3196.0,89.0,93.5,35,90.0,35.0,1,46.0,0,1.42,51.0,46.0,5.0,0.14,-1.47,46.6,50.4,-3.8,-0.11,-2.2,2,22,7,31.8,0.62,0.2,0.09,0.29,9.7,0,0,0,2.4,2.4,0.11,-0.4,-0.4,7,0.2,6,0,0,1,0,0,0,0.0,0,0,0,0,0,0
5,Douglas Luiz,br BRA,MF,22.0,49,22,26,1,20,58,34.5,38,52,17,35,92,44,2,10,1,1,59,48,0,23,0,2,0,208,42,41,50.6,1217,1445,84.2,22141,6015,503,568,88.6,525,577,91.0,152,212,71.7,2,1.6,1.4,0.4,19,134,13,3,95,33,2781.0,84.0,81.3,32,86.0,21.0,1,18.0,4,1.36,43.0,41.0,2.0,0.06,-0.92,39.9,42.6,-2.7,-0.09,-0.66,0,26,8,30.8,0.84,0.26,0.0,0.0,23.9,1,0,0,1.2,1.2,0.05,-1.2,-1.2,52,1.68,47,3,0,1,1,0,7,0.23,6,1,0,0,0,0
6,Bertrand TraorÃ©,bf BFA,FW,24.0,26,8,10,8,10,34,29.4,24,23,1,22,41,14,1,1,0,0,31,40,7,102,1,0,0,119,32,31,50.8,569,808,70.4,9814,2435,288,352,81.8,184,245,75.1,77,150,51.3,6,4.3,3.3,1.7,35,32,26,5,57,36,2317.0,64.0,67.7,29,74.0,6.0,7,25.0,0,1.36,32.0,31.0,1.0,0.04,-0.61,33.8,33.2,0.6,0.02,-0.04,7,64,23,35.9,2.49,0.89,0.11,0.3,16.7,2,0,0,6.6,6.6,0.1,0.4,0.4,83,3.22,43,12,12,7,8,1,9,0.35,6,1,0,0,1,1
7,Matty Cash,pl POL,DF,22.0,71,43,22,6,41,74,55.4,33,50,11,39,131,95,0,8,1,1,35,22,2,81,0,2,0,134,34,39,46.6,959,1320,72.7,16255,6050,478,542,88.2,361,480,75.2,101,244,41.4,2,1.7,1.7,0.3,21,73,23,19,51,28,2372.0,85.0,69.4,28,85.0,22.0,0,0.0,1,1.5,42.0,35.0,7.0,0.27,0.09,35.9,35.1,0.8,0.03,-0.02,0,9,2,22.2,0.34,0.08,0.0,0.0,22.9,0,0,0,0.3,0.3,0.03,-0.3,-0.3,35,1.33,28,3,2,0,1,1,2,0.08,2,0,0,0,0,0
8,Jack Grealish,eng ENG,FWMF,24.0,31,8,16,7,15,24,62.5,9,20,3,17,43,5,3,6,0,0,40,110,7,76,2,0,0,125,25,27,48.1,872,1105,78.9,12898,4406,500,572,87.4,267,321,83.2,58,110,52.7,10,7.4,6.5,2.6,81,91,69,3,136,26,2185.0,84.0,63.9,24,89.0,22.0,2,23.0,0,1.65,40.0,28.0,12.0,0.49,0.71,36.3,33.4,2.9,0.12,0.23,6,50,17,34.0,2.06,0.7,0.12,0.35,17.0,2,0,0,4.6,4.6,0.09,1.4,1.4,169,6.96,120,14,14,5,15,1,20,0.82,17,0,0,0,3,0
9,Ross Barkley,eng ENG,MF,26.0,6,2,4,0,3,15,20.0,12,9,1,8,11,6,1,0,0,0,12,17,5,61,1,0,0,70,21,22,48.8,640,795,80.5,10363,2800,330,383,86.2,214,255,83.9,65,97,67.0,1,4.2,2.4,-3.2,39,46,25,0,60,24,1531.0,64.0,44.8,18,77.0,6.0,6,26.0,4,1.08,26.0,24.0,2.0,0.12,-0.22,22.5,24.0,-1.5,-0.09,-0.22,3,38,11,28.9,2.23,0.65,0.08,0.27,18.7,2,0,0,3.1,3.1,0.08,-0.1,-0.1,75,4.41,43,19,8,2,2,1,5,0.29,2,1,0,1,1,0
10,Anwar El Ghazi,nl NED,FW,25.0,16,6,7,3,7,23,30.4,16,11,0,11,22,11,0,2,0,0,18,28,5,87,0,0,0,67,28,49,36.4,432,628,68.8,6167,1686,268,330,81.2,104,154,67.5,33,69,47.8,0,1.8,2.1,-1.8,26,24,19,8,32,28,1613.0,58.0,47.2,17,81.0,6.0,11,21.0,6,1.25,23.0,22.0,1.0,0.06,-0.34,26.4,23.7,2.7,0.15,0.21,10,60,26,43.3,3.35,1.45,0.1,0.23,21.7,6,4,4,8.4,5.3,0.09,1.6,0.7,65,3.62,37,9,6,7,6,0,2,0.11,1,0,0,1,0,0
11,TrÃ©zÃ©guet,eg EGY,FW,25.0,33,14,15,4,13,45,28.9,32,13,1,12,52,17,0,0,0,0,39,19,4,26,1,0,0,65,28,45,38.4,223,317,70.3,3261,947,126,155,81.3,66,91,72.5,13,29,44.8,1,2.1,1.1,-1.1,13,21,5,3,25,21,1166.0,56.0,34.1,12,80.0,2.0,9,23.0,2,1.43,24.0,14.0,10.0,0.77,0.81,16.9,17.2,-0.3,-0.02,-0.09,2,35,12,34.3,2.7,0.93,0.06,0.17,14.2,0,0,0,3.8,3.8,0.11,-1.8,-1.8,34,2.63,24,0,2,3,5,0,2,0.15,2,0,0,0,0,0
13,Ahmed Elmohamady,eg EGY,DF,32.0,17,12,4,1,9,14,64.3,5,6,3,3,34,26,0,2,0,0,6,3,0,39,0,0,0,63,18,9,66.7,468,618,75.7,8218,3180,216,241,89.6,197,255,77.3,50,97,51.5,0,1.0,1.2,-1.0,13,34,21,7,36,14,839.0,60.0,24.5,8,90.0,8.0,6,20.0,24,1.07,9.0,9.0,0.0,0.0,-0.31,14.7,11.9,2.7,0.29,0.34,0,9,1,11.1,0.97,0.11,0.0,0.0,11.9,0,0,0,0.4,0.4,0.05,-0.4,-0.4,27,2.9,22,2,0,1,0,2,1,0.11,0,1,0,0,0,0
0,Conor Coady,eng ENG,DF,26.0,36,30,6,0,15,30,50.0,15,22,15,7,64,119,2,5,0,0,17,7,0,0,0,1,0,244,33,24,57.9,1573,1853,84.9,38135,17275,329,357,92.2,848,912,93.0,383,552,69.4,0,0.5,0.6,-0.5,5,112,7,0,56,38,3420.0,90.0,100.0,38,90.0,38.0,0,0.0,0,1.55,51.0,40.0,11.0,0.29,0.0,54.1,38.0,16.1,0.42,0.0,0,0,0,0.0,0.0,0.0,0.0,0.0,0.0,0,0,0,0.0,0.0,0.0,0.0,0.0,21,0.55,21,0,0,0,0,0,1,0.03,1,0,0,0,0,0
1,RaÃºl JimÃ©nez,mx MEX,FW,28.0,20,6,10,4,3,31,9.7,28,26,0,26,36,34,1,3,0,0,39,35,18,28,1,0,0,82,86,117,42.4,730,1031,70.8,10233,2468,420,515,81.6,169,234,72.2,67,109,61.5,6,7.0,5.1,-1.0,48,67,25,3,69,38,3236.0,85.0,94.6,37,87.0,20.0,1,19.0,0,1.55,48.0,36.0,12.0,0.33,0.82,50.2,32.7,17.5,0.49,1.15,17,114,39,34.2,3.17,1.08,0.11,0.33,15.5,0,4,4,16.6,13.4,0.12,0.4,-0.4,97,2.7,64,1,13,9,7,3,13,0.36,8,0,2,1,2,0
2,RÃºben Neves,pt POR,MF,22.0,62,27,32,3,34,86,39.5,52,38,9,29,118,34,1,9,0,0,29,16,0,34,0,0,0,303,28,27,50.9,1635,2070,79.0,34616,9325,523,618,84.6,752,878,85.6,324,487,66.5,2,2.2,1.6,-0.2,29,194,23,6,141,38,3056.0,80.0,89.4,35,85.0,27.0,3,25.0,0,1.55,48.0,35.0,13.0,0.38,0.88,49.1,33.5,15.6,0.46,0.33,2,61,10,16.4,1.8,0.29,0.03,0.2,28.0,7,0,0,2.0,2.0,0.03,0.0,0.0,76,2.24,61,1,3,6,1,4,3,0.09,2,0,0,1,0,0
3,JoÃ£o Moutinho,pt POR,MF,32.0,93,43,41,9,46,139,33.1,93,43,13,30,143,18,1,7,0,0,40,25,3,221,0,0,0,248,19,26,42.2,1647,2071,79.5,32707,8779,584,665,87.8,729,850,85.8,274,436,62.8,6,7.9,6.0,-1.9,77,155,29,11,145,38,3108.0,82.0,90.9,34,89.0,30.0,4,22.0,0,1.55,46.0,36.0,10.0,0.29,0.0,47.6,35.0,12.6,0.37,-0.64,1,22,6,27.3,0.64,0.17,0.05,0.17,25.0,4,0,0,0.9,0.9,0.04,0.1,0.1,125,3.62,68,56,0,1,0,0,10,0.29,7,3,0,0,0,0
4,Jonny Castro,es ESP,MFDF,25.0,91,54,26,11,29,82,35.4,53,45,10,35,144,45,2,4,0,0,34,28,2,54,1,0,0,158,35,50,41.2,1177,1451,81.1,15340,5071,731,810,90.2,333,426,78.2,38,68,55.9,2,1.3,1.3,0.7,23,47,16,6,63,35,2887.0,82.0,84.4,33,87.0,27.0,2,12.0,1,1.57,42.0,35.0,7.0,0.22,-0.46,43.8,33.0,10.8,0.34,-0.56,2,18,5,27.8,0.56,0.16,0.11,0.4,19.0,0,0,0,1.6,1.6,0.09,0.4,0.4,64,2.0,51,3,1,0,3,6,7,0.22,5,1,0,0,1,0
5,Matt Doherty,ie IRL,MFDF,27.0,55,34,17,4,27,41,65.9,14,34,4,30,95,52,1,1,0,0,28,18,3,45,1,1,0,160,132,96,57.9,1392,1854,75.1,20176,8073,817,961,85.0,428,597,71.7,83,148,56.1,3,2.2,2.1,0.8,21,83,24,7,129,36,2839.0,79.0,83.0,32,85.0,26.0,4,31.0,1,1.64,45.0,31.0,14.0,0.44,0.91,46.9,29.5,17.4,0.55,0.76,4,35,15,42.9,1.11,0.48,0.11,0.27,11.2,0,0,0,6.9,6.9,0.2,-2.9,-2.9,63,2.0,44,1,6,10,2,0,14,0.44,6,0,3,4,1,0
6,Leander Dendoncker,be BEL,MFDF,24.0,68,41,19,8,28,67,41.8,39,39,12,27,106,64,2,5,0,0,31,9,0,8,0,1,1,152,94,82,53.4,1108,1339,82.7,19473,4802,461,552,83.5,501,568,88.2,104,124,83.9,0,0.7,0.5,-0.7,9,46,3,1,48,38,2795.0,74.0,81.7,32,85.0,27.0,6,14.0,0,1.55,41.0,34.0,7.0,0.23,-0.35,43.9,29.6,14.3,0.46,0.21,4,20,5,25.0,0.64,0.16,0.2,0.8,14.7,0,0,0,1.8,1.8,0.09,2.2,2.2,23,0.74,21,0,0,1,0,1,1,0.03,1,0,0,0,0,0
7,Romain SaÃ¯ss,ma MAR,DF,29.0,55,37,15,3,32,46,69.6,14,31,16,15,110,127,3,12,1,1,43,24,2,9,0,0,0,185,119,68,63.6,1285,1649,77.9,25611,9820,439,505,86.9,655,774,84.6,171,313,54.6,1,1.3,0.4,-0.3,12,113,6,1,97,33,2705.0,82.0,79.1,31,86.0,28.0,2,22.0,2,1.58,41.0,34.0,7.0,0.23,-0.27,45.9,28.0,17.8,0.59,0.81,2,24,8,33.3,0.8,0.27,0.08,0.25,13.1,2,0,0,3.4,3.4,0.14,-1.4,-1.4,30,1.0,24,1,1,3,0,1,2,0.07,1,0,0,1,0,0
8,Adama TraorÃ©,es ESP,FWDF,23.0,33,6,14,13,8,23,34.8,15,19,3,16,46,14,2,1,0,0,39,77,6,183,0,0,0,118,45,52,46.4,614,952,64.5,9406,2530,335,425,78.8,202,311,65.0,41,97,42.3,9,6.6,6.5,2.4,48,55,41,28,61,37,2605.0,70.0,76.2,27,86.0,18.0,10,29.0,1,1.57,44.0,33.0,11.0,0.38,0.38,43.7,28.6,15.1,0.52,0.41,4,43,12,27.9,1.49,0.41,0.09,0.33,19.8,0,0,0,3.8,3.8,0.09,0.2,0.2,111,3.83,67,0,31,1,10,2,15,0.52,11,0,3,0,1,0
9,Diogo Jota,pt POR,FW,22.0,28,16,10,2,12,48,25.0,36,17,0,17,37,10,2,4,0,0,42,61,3,38,0,0,0,123,28,52,35.0,682,886,77.0,9768,1810,377,444,84.9,212,262,80.9,39,54,72.2,1,2.7,1.9,-1.7,29,41,20,4,53,34,2284.0,67.0,66.8,27,78.0,6.0,7,26.0,0,1.44,26.0,28.0,-2.0,-0.08,-1.11,33.1,25.4,7.7,0.3,-0.36,7,69,26,37.7,2.72,1.02,0.1,0.27,14.2,0,0,0,11.5,11.5,0.17,-4.5,-4.5,102,4.02,56,0,15,13,17,1,7,0.28,5,0,0,1,1,0
10,Willy Boly,ci CIV,DF,28.0,57,36,21,0,25,43,58.1,18,28,11,17,96,108,3,3,1,1,24,8,1,2,0,0,0,117,86,29,74.8,798,991,80.5,13716,5643,358,394,90.9,370,425,87.1,54,126,42.9,1,1.1,0.5,-0.1,7,39,3,0,40,22,1979.0,90.0,57.9,22,90.0,21.0,0,0.0,1,1.64,26.0,15.0,11.0,0.5,0.5,28.3,21.1,7.2,0.33,-0.23,0,5,3,60.0,0.23,0.14,0.0,0.0,11.6,0,0,0,0.4,0.4,0.09,-0.4,-0.4,13,0.59,13,0,0,0,0,0,1,0.05,1,0,0,0,0,0
11,Pedro Neto,pt POR,FWMF,19.0,9,3,6,0,4,15,26.7,11,2,0,2,15,4,0,3,0,0,14,16,4,48,0,0,0,53,6,24,20.0,303,400,75.8,4375,773,168,198,84.8,86,111,77.5,20,36,55.6,3,2.6,1.7,0.4,14,9,7,4,17,29,939.0,32.0,27.5,9,69.0,1.0,20,16.0,6,1.69,19.0,12.0,7.0,0.67,0.53,17.1,11.8,5.3,0.51,0.12,3,17,6,35.3,1.63,0.58,0.18,0.5,16.9,0,0,0,2.2,2.2,0.13,0.8,0.8,34,3.26,20,5,7,0,2,0,5,0.48,4,1,0,0,0,0
0,Lewis Dunk,eng ENG,DF,26.0,42,31,10,1,17,39,43.6,22,49,38,11,88,196,5,6,1,1,22,14,0,2,0,0,0,206,119,63,65.4,1246,1510,82.5,26946,8559,380,425,89.4,604,655,92.2,239,380,62.9,1,0.8,0.7,0.2,11,75,2,0,45,36,3151.0,88.0,92.1,36,88.0,34.0,0,0.0,0,0.97,31.0,55.0,-24.0,-0.69,-0.35,32.0,55.2,-23.2,-0.66,-0.45,2,20,4,20.0,0.57,0.11,0.1,0.5,14.1,2,0,0,1.8,1.8,0.09,0.2,0.2,21,0.6,20,0,0,0,1,0,2,0.06,2,0,0,0,0,0
1,Shane Duffy,ie IRL,DF,26.0,35,23,7,5,14,25,56.0,11,57,47,10,71,244,3,4,1,0,22,10,4,2,1,1,0,143,187,68,73.3,987,1318,74.9,21295,7903,280,341,82.1,509,606,84.0,172,316,54.4,1,0.3,0.3,0.7,7,41,3,1,33,35,3087.0,88.0,90.3,35,88.0,34.0,0,0.0,0,1.03,32.0,54.0,-22.0,-0.64,0.17,32.7,54.1,-21.4,-0.62,0.03,5,37,14,37.8,1.08,0.41,0.14,0.36,10.6,0,0,0,3.1,3.1,0.08,1.9,1.9,23,0.67,18,1,0,2,2,0,3,0.09,2,0,0,0,1,0
2,Davy PrÃ¶pper,nl NED,MF,26.0,50,23,21,6,16,52,30.8,36,21,6,15,103,37,0,2,0,0,33,18,1,16,0,1,0,191,36,26,58.1,973,1243,78.3,17226,4813,425,508,83.7,414,491,84.3,104,160,65.0,1,1.3,1.4,-0.3,19,131,17,1,118,30,2546.0,85.0,74.4,30,85.0,25.0,0,0.0,0,0.93,27.0,45.0,-18.0,-0.64,0.08,26.9,41.4,-14.5,-0.51,0.45,1,15,2,13.3,0.53,0.07,0.07,0.5,15.9,0,0,0,0.9,0.9,0.06,0.1,0.1,41,1.45,38,0,1,0,1,1,2,0.07,2,0,0,0,0,0
3,Glenn Murray,eng ENG,FW,34.0,17,4,7,6,4,20,20.0,16,20,3,17,19,17,1,5,0,0,80,54,38,8,1,1,0,46,170,176,49.1,353,618,57.1,4264,900,235,372,63.2,72,134,53.7,13,23,56.5,1,1.3,1.2,-0.3,12,25,7,0,23,38,2508.0,66.0,73.3,30,78.0,16.0,8,20.0,0,0.95,27.0,45.0,-18.0,-0.65,0.04,26.6,42.6,-16.0,-0.58,0.2,13,50,17,34.0,1.79,0.61,0.18,0.53,12.2,0,4,4,11.4,8.1,0.16,1.6,0.9,35,1.26,23,0,0,3,9,0,2,0.07,1,0,0,0,1,0
4,Solly March,eng ENG,FWMF,24.0,56,27,16,13,19,45,42.2,26,34,4,30,83,44,0,1,0,0,29,30,6,152,1,0,0,140,17,61,21.8,598,938,63.8,10248,2627,323,395,81.8,184,279,65.9,72,154,46.8,5,4.3,4.3,0.7,41,35,38,19,39,35,2463.0,70.0,72.0,30,78.0,16.0,5,24.0,1,0.94,26.0,40.0,-14.0,-0.51,0.52,28.8,42.7,-14.0,-0.51,0.42,1,43,9,20.9,1.57,0.33,0.02,0.11,21.4,3,0,0,2.5,2.5,0.06,-1.5,-1.5,84,3.07,45,11,15,6,6,1,8,0.29,5,1,0,0,2,0
5,Dale Stephens,eng ENG,MF,29.0,83,37,41,5,28,74,37.8,46,33,13,20,129,47,0,6,1,0,44,10,0,2,0,0,0,199,26,22,54.2,1136,1365,83.2,21941,6362,462,522,88.5,492,550,89.5,166,229,72.5,1,0.7,0.7,0.3,18,138,11,1,109,30,2485.0,83.0,72.7,29,85.0,26.0,1,11.0,1,0.83,26.0,45.0,-19.0,-0.69,-0.11,26.3,44.5,-18.2,-0.66,-0.11,1,11,1,9.1,0.4,0.04,0.09,1.0,27.4,0,0,0,0.3,0.3,0.03,0.7,0.7,41,1.48,35,1,0,2,2,1,3,0.11,3,0,0,0,0,0
6,MartÃ­n Montoya,es ESP,DF,27.0,58,29,21,8,32,55,58.2,23,30,10,20,106,76,1,4,0,0,29,16,0,36,0,0,0,98,22,27,44.9,900,1152,78.1,13885,6073,497,564,88.1,327,423,77.3,53,100,53.0,1,1.2,1.5,-0.2,18,59,26,15,61,25,2167.0,87.0,63.4,24,90.0,24.0,1,6.0,0,0.8,25.0,41.0,-16.0,-0.66,-0.02,23.3,37.7,-14.4,-0.6,0.08,0,8,1,12.5,0.33,0.04,0.0,0.0,26.1,0,0,0,0.2,0.2,0.02,-0.2,-0.2,40,1.66,33,3,0,0,3,1,2,0.08,1,0,0,0,1,0
7,Pascal GroÃ,de GER,MFFW,27.0,27,12,12,3,11,36,30.6,25,20,8,12,40,23,0,1,0,0,11,13,5,142,1,1,0,90,18,37,32.7,661,965,68.5,12127,3940,323,379,85.2,206,292,70.5,105,225,46.7,3,5.5,4.2,-2.5,54,87,28,15,66,25,1864.0,75.0,54.5,24,77.0,9.0,1,10.0,0,0.8,18.0,31.0,-13.0,-0.63,0.07,21.4,26.6,-5.1,-0.25,0.83,3,22,7,31.8,1.06,0.34,0.09,0.29,18.0,1,1,2,4.4,2.8,0.13,-1.4,-0.8,85,4.1,46,30,3,3,3,0,6,0.29,1,2,0,2,1,0
8,GaÃ«tan Bong,cm CMR,DF,30.0,16,7,6,3,6,10,60.0,4,16,6,10,41,57,2,0,0,0,11,4,0,57,0,2,0,112,24,31,43.6,603,888,67.9,9894,5036,291,338,86.1,259,378,68.5,39,117,33.3,0,0.5,0.6,-0.5,9,48,16,8,53,22,1808.0,82.0,52.9,19,90.0,19.0,3,32.0,16,0.77,18.0,34.0,-16.0,-0.8,-0.29,19.8,38.2,-18.4,-0.91,-0.61,0,2,0,0.0,0.1,0.0,0.0,0.0,27.1,0,0,0,0.1,0.1,0.05,-0.1,-0.1,18,0.9,13,3,2,0,0,0,1,0.05,1,0,0,0,0,0
9,Bernardo,br BRA,DF,23.0,62,43,13,6,31,45,68.9,14,32,13,19,96,82,0,4,0,0,17,23,2,31,0,0,0,120,44,29,60.3,729,1029,70.8,11231,4660,394,461,85.5,274,382,71.7,42,114,36.8,1,0.6,0.8,0.4,9,49,15,4,61,22,1752.0,80.0,51.2,19,89.0,18.0,3,19.0,12,1.09,17.0,29.0,-12.0,-0.62,0.09,16.5,23.6,-7.1,-0.37,0.54,0,8,3,37.5,0.41,0.15,0.0,0.0,17.6,0,0,0,0.4,0.4,0.06,-0.4,-0.4,28,1.44,20,2,1,1,4,0,1,0.05,1,0,0,0,0,0
10,Anthony Knockaert,fr FRA,MFFW,26.0,33,12,15,6,13,30,43.3,17,13,0,13,62,11,0,4,1,0,22,19,3,107,0,0,0,120,16,8,66.7,519,736,70.5,8704,2670,307,359,85.5,119,175,68.0,76,144,52.8,6,3.6,3.7,2.4,35,26,19,7,38,30,1837.0,61.0,53.7,18,83.0,10.0,12,29.0,4,0.8,20.0,38.0,-18.0,-0.88,-0.48,17.7,34.6,-16.9,-0.83,-0.44,2,27,9,33.3,1.32,0.44,0.07,0.22,18.4,2,0,0,2.1,2.1,0.08,-0.1,-0.1,68,3.33,29,27,1,5,2,4,9,0.44,3,4,0,1,0,1
11,Yves Bissouma,ml MLI,MF,21.0,62,33,27,2,20,38,52.6,18,21,5,16,95,29,2,5,0,0,40,25,2,8,0,0,0,116,27,31,46.6,588,730,80.5,8848,2018,338,384,88.0,194,234,82.9,38,66,57.6,0,1.0,0.9,-1.0,13,50,11,0,49,28,1774.0,63.0,51.9,17,88.0,11.0,11,26.0,6,0.93,16.0,32.0,-16.0,-0.81,-0.32,16.9,30.8,-13.8,-0.7,-0.16,0,31,3,9.7,1.57,0.15,0.0,0.0,26.1,3,0,0,1.8,1.8,0.06,-1.8,-1.8,54,2.74,35,1,10,2,6,0,2,0.1,1,0,0,0,1,0
12,Bruno,es ESP,DF,37.0,25,20,3,2,14,18,77.8,4,7,2,5,36,30,1,2,0,0,4,9,3,17,0,0,0,67,8,16,33.3,507,645,78.6,8805,4115,238,257,92.6,221,281,78.6,38,84,45.2,1,0.6,0.3,0.4,6,31,6,4,44,14,1131.0,81.0,33.1,14,81.0,9.0,0,0.0,9,1.14,10.0,17.0,-7.0,-0.56,0.15,11.2,19.1,-7.9,-0.63,0.0,0,2,0,0.0,0.16,0.0,0.0,0.0,22.6,0,0,0,0.1,0.1,0.04,-0.1,-0.1,16,1.27,11,4,0,1,0,0,4,0.32,2,1,0,1,0,0
13,JÃ¼rgen Locadia,nl NED,FWMF,24.0,15,5,8,2,3,7,42.9,4,8,0,8,24,13,0,1,0,0,22,11,11,12,0,0,0,56,23,42,35.4,249,348,71.6,3807,749,148,194,76.3,66,94,70.2,23,33,69.7,0,1.0,0.6,-1.0,13,12,10,2,12,26,1236.0,48.0,36.1,12,84.0,7.0,14,17.0,9,0.81,11.0,21.0,-10.0,-0.73,-0.11,14.9,20.6,-5.6,-0.41,0.34,2,27,9,33.3,1.97,0.66,0.07,0.22,17.8,1,0,0,2.7,2.7,0.1,-0.7,-0.7,31,2.26,22,0,3,4,1,1,2,0.15,1,0,1,0,0,0
14,Alireza Jahanbakhsh,ir IRN,FWMF,24.0,32,17,11,4,11,30,36.7,19,16,0,16,43,4,0,2,0,0,19,8,6,23,0,1,0,76,11,18,37.9,201,308,65.3,3128,913,122,148,82.4,57,82,69.5,16,39,41.0,0,0.2,0.3,-0.2,5,13,6,2,13,19,1020.0,54.0,29.8,12,75.0,3.0,7,17.0,5,0.95,11.0,16.0,-5.0,-0.44,0.31,8.6,18.5,-9.9,-0.88,-0.35,0,21,6,28.6,1.85,0.53,0.0,0.0,23.4,0,0,0,0.8,0.8,0.04,-0.8,-0.8,21,1.86,10,4,2,1,2,2,2,0.18,0,1,0,1,0,0
15,Beram Kayal,il ISR,MF,30.0,28,16,11,1,5,21,23.8,16,17,10,7,43,25,0,4,0,0,18,7,0,10,0,1,0,56,15,26,36.6,194,283,68.6,3007,919,105,129,81.4,76,101,75.2,9,35,25.7,1,1.1,0.4,-0.1,4,20,3,1,19,18,940.0,52.0,27.5,9,85.0,7.0,9,20.0,19,1.22,8.0,17.0,-9.0,-0.86,-0.28,6.9,20.2,-13.3,-1.27,-0.88,1,5,2,40.0,0.48,0.19,0.2,0.5,19.9,0,0,0,0.4,0.4,0.08,0.6,0.6,9,0.86,7,0,0,1,0,1,2,0.19,2,0,0,0,0,0
17,Florin Andone,ro ROU,FW,25.0,10,3,4,3,1,6,16.7,5,9,1,8,13,12,0,5,0,0,28,20,4,5,0,0,0,42,36,73,33.0,113,170,66.5,1385,187,73,94,77.7,29,49,59.2,2,6,33.3,0,0.1,0.2,-0.1,2,3,1,1,2,23,881.0,38.0,25.8,8,68.0,0.0,15,23.0,5,0.78,7.0,14.0,-7.0,-0.72,-0.08,8.2,14.4,-6.2,-0.63,-0.01,3,19,8,42.1,1.94,0.82,0.16,0.38,12.3,0,0,0,2.5,2.5,0.13,0.5,0.5,13,1.33,7,0,1,3,2,0,1,0.1,0,0,0,1,0,0
